track_id,rms,spectral,rolloff,Chromatic scale,Predominant Key,MFCC
2,0.10584918,1800.4421763884848,3797.049219051874,0.38510004,A,-138.77792
3,0.11689929,965.6778718847094,2072.6928962628867,0.44359982,E,-245.03818
4,0.18758447,1675.1347597235263,3365.961536525451,0.34966645,A,-104.9403
5,0.1504522,1617.4030342608041,3276.060413478576,0.29309353,B,-142.96272
7,0.2692712,1265.3437184256657,3022.181175738988,0.352406,F,-150.70235
8,0.12404416,1196.7317672780794,2575.8137391929095,0.38590676,E,-291.07843
10,0.06732989,1615.1029343588928,3405.7351161007537,0.261279,A,-267.08508
12,0.22966948,2100.061078303261,4701.57687675087,0.35965064,C,-95.876045
13,0.13298038,1549.3821451175731,3141.2572374299652,0.27448735,C,-197.4169
